Timestamp,SS,ISO,EV,DZOOM,GPS_LON [°],GPS_LAT [°],GPS_ALT,D [m],H [m],H.S [m/s],V.S [m/s]
14000,405.64,110,+0.7,1.000,34.5838,31.6873,9,"n/a, H 0.50",0.50,0.00,-0.00
15000,396.95,110,+0.7,1.000,34.5838,31.6873,9,"n/a, H 0.50",0.50,0.00,-0.00
16000,492.96,110,+0.7,1.000,34.5838,31.6873,9,"n/a, H 1.30",1.30,0.00,1.80
17000,625.59,110,+0.7,1.000,34.5838,31.6873,9,"n/a, H 2.70",2.70,0.00,1.40
18000,625.59,110,+0.7,1.000,34.5838,31.6873,9,"n/a, H 4.30",4.30,0.00,1.70
19000,625.59,110,+0.7,1.000,34.5838,31.6873,9,"n/a, H 6.20",6.20,0.00,2.10
20000,625.59,110,+0.7,1.000,34.5838,31.6873,9,"n/a, H 8.30",8.30,0.00,2.10
21000,625.59,110,+0.7,1.000,34.5838,31.6873,9,"n/a, H 10.60",10.60,0.00,2.30
22000,625.59,110,+0.7,1.000,34.5838,31.6873,9,"n/a, H 12.90",12.90,0.00,2.30
23000,625.59,110,+0.7,1.000,34.5838,31.6873,9,"n/a, H 15.30",15.30,0.00,2.50
24000,639.28,110,+0.7,1.000,34.5838,31.6873,9,"n/a, H 18.00",18.00,0.00,2.60
25000,639.28,110,+0.7,1.000,34.5838,31.6873,9,"n/a, H 20.70",20.70,0.00,2.70
26000,639.28,110,+0.7,1.000,34.5838,31.6873,10,"n/a, H 23.50",23.50,0.10,2.80
27000,649.76,110,+0.7,1.000,34.5838,31.6873,10,"n/a, H 26.40",26.40,0.10,3.00
28000,653.28,110,+0.7,1.000,34.5838,31.6873,13,"n/a, H 29.40",29.40,0.10,2.90
29000,653.28,110,+0.7,1.000,34.5838,31.6873,14,"n/a, H 32.60",32.60,0.20,3.00
30000,667.59,110,+0.7,1.000,34.5838,31.6873,14,"n/a, H 35.70",35.70,0.28,3.00
31000,667.59,110,+0.7,1.000,34.5838,31.6873,14,"n/a, H 38.70",38.70,0.22,2.90
32000,667.59,110,+0.7,1.000,34.5838,31.6873,14,0.09,41.70,0.32,2.90
33000,671.21,110,+0.7,1.000,34.5838,31.6873,14,0.09,44.70,0.36,3.00
34000,671.21,110,+0.7,1.000,34.5838,31.6873,14,0.27,47.70,0.22,3.00
35000,671.21,110,+0.7,1.000,34.5838,31.6873,14,0.40,50.60,0.22,2.90
36000,671.21,110,+0.7,1.000,34.5838,31.6873,14,0.51,53.60,0.36,2.90
37000,685.91,110,+0.7,1.000,34.5838,31.6873,14,0.65,56.40,0.22,2.20
38000,685.91,110,+0.7,1.000,34.5838,31.6873,14,0.75,57.20,0.32,0.90
39000,685.91,110,+0.7,1.000,34.5838,31.6873,14,0.76,57.60,0.22,-0.00
40000,685.91,110,+0.7,1.000,34.5838,31.6873,14,0.86,57.60,0.22,-0.00
41000,685.91,110,+0.7,1.000,34.5838,31.6873,14,0.68,58.40,0.20,2.20
42000,685.91,110,+0.7,1.000,34.5838,31.6873,14,1.20,61.40,0.45,2.90
43000,685.91,110,+0.7,1.000,34.5838,31.6873,14,2.32,63.20,0.58,1.10
44000,685.91,110,+0.7,1.000,34.5838,31.6873,14,2.43,65.80,0.14,2.90
45000,685.91,110,+0.7,1.000,34.5838,31.6873,14,2.52,68.40,0.00,1.50
46000,685.91,110,+0.7,1.000,34.5838,31.6873,14,2.73,68.70,0.00,-0.00
47000,685.91,110,+0.7,1.000,34.5838,31.6873,14,2.02,68.70,0.32,-0.00
48000,685.91,110,+0.7,1.000,34.5838,31.6873,14,1.59,68.70,0.20,-0.00
49000,685.91,110,+0.7,1.000,34.5838,31.6873,13,2.82,68.60,2.28,-0.00
50000,685.91,110,+0.7,1.000,34.5839,31.6873,16,6.32,68.80,4.18,-0.00
51000,685.91,110,+0.7,1.000,34.5839,31.6873,16,11.32,68.80,5.47,-0.00
52000,685.91,110,+0.7,1.000,34.5840,31.6873,16,17.32,68.80,6.29,-0.00
53000,685.91,110,+0.7,1.000,34.5841,31.6873,16,24.00,68.70,6.83,-0.00
54000,685.91,110,+0.7,1.000,34.5841,31.6872,16,31.11,68.70,7.24,-0.00
55000,685.91,110,+0.7,1.000,34.5842,31.6872,16,38.69,68.70,7.46,-0.00
56000,685.91,110,+0.7,1.000,34.5843,31.6872,16,46.30,68.60,7.68,-0.00
57000,685.91,110,+0.7,1.000,34.5844,31.6872,16,54.07,68.60,7.78,0.10
58000,685.91,110,+0.7,1.000,34.5844,31.6872,17,61.75,68.60,7.87,0.10
59000,685.91,110,+0.7,1.000,34.5845,31.6871,17,69.48,68.60,7.87,-0.00
60000,700.93,110,+0.7,1.000,34.5846,31.6871,17,77.52,68.60,7.97,-0.00
61000,700.93,110,+0.7,1.000,34.5847,31.6871,17,85.36,68.70,7.97,-0.00
62000,700.93,110,+0.7,1.000,34.5848,31.6871,17,93.24,68.80,7.87,-0.00
63000,700.93,110,+0.7,1.000,34.5848,31.6871,17,101.24,68.80,7.97,-0.00
64000,700.93,110,+0.7,1.000,34.5849,31.6870,17,109.14,68.80,7.97,-0.00
65000,605.59,110,+0.7,1.000,34.5850,31.6870,17,117.16,68.80,8.22,-0.00
66000,509.23,110,+0.7,1.000,34.5851,31.6870,17,125.62,68.60,8.73,-0.10
67000,498.32,110,+0.7,1.000,34.5852,31.6870,19,134.47,68.60,9.17,-0.00
68000,456.97,110,+0.7,1.000,34.5853,31.6869,19,144.23,68.70,9.52,-0.00
69000,456.97,110,+0.7,1.000,34.5854,31.6869,18,153.70,68.90,9.65,-0.00
70000,456.97,110,+0.7,1.000,34.5855,31.6869,19,163.03,68.60,7.66,-0.00
71000,456.97,110,+0.7,1.000,34.5855,31.6869,19,168.13,68.90,4.05,0.10
72000,456.97,110,+0.7,1.000,34.5855,31.6869,19,170.78,69.20,1.49,-0.10
73000,456.97,110,+0.7,1.000,34.5855,31.6869,19,171.31,69.30,0.32,-0.00
74000,456.97,110,+0.7,1.000,34.5855,31.6869,19,171.54,69.10,0.10,-0.10
75000,456.97,110,+0.7,1.000,34.5855,31.6869,19,171.66,68.70,0.00,-0.00
76000,456.97,110,+0.7,1.000,34.5855,31.6869,19,170.20,68.70,2.62,0.10
77000,456.97,110,+0.7,1.000,34.5855,31.6869,19,166.09,69.00,4.71,-0.00
78000,456.97,110,+0.7,1.000,34.5854,31.6869,18,160.49,69.10,6.07,-0.00
79000,456.97,110,+0.7,1.000,34.5854,31.6869,18,153.58,69.10,7.12,-0.00
80000,456.97,110,+0.7,1.000,34.5853,31.6869,21,146.07,69.00,7.78,-0.00
81000,456.97,110,+0.7,1.000,34.5852,31.6869,21,137.72,68.80,8.29,0.10
82000,456.97,110,+0.7,1.000,34.5851,31.6870,21,129.44,68.80,8.26,0.10
83000,456.97,110,+0.7,1.000,34.5851,31.6870,21,123.42,68.50,3.49,-0.00
84000,456.97,110,+0.7,1.000,34.5850,31.6870,20,122.62,68.50,0.10,-0.00
85000,456.97,110,+0.7,1.000,34.5850,31.6870,21,122.68,68.60,0.00,-0.10
86000,456.97,110,+0.7,1.000,34.5850,31.6870,21,122.72,68.60,0.00,-0.00
87000,456.97,110,+0.7,1.000,34.5850,31.6870,21,122.60,68.70,0.00,-0.00
88000,456.97,110,+0.7,1.000,34.5850,31.6870,21,122.62,68.70,0.00,-0.10
89000,456.97,110,+0.7,1.000,34.5850,31.6870,21,122.59,68.70,0.00,-0.00
90000,456.97,110,+0.7,1.000,34.5850,31.6870,21,122.54,68.60,0.00,-0.00
91000,456.97,110,+0.7,1.000,34.5850,31.6870,21,122.51,68.70,0.00,-0.00
92000,456.97,110,+0.7,1.000,34.5850,31.6870,21,122.45,68.60,0.00,-0.10
93000,456.97,110,+0.7,1.000,34.5850,31.6870,21,121.45,68.50,2.21,-0.00
94000,456.97,110,+0.7,1.000,34.5850,31.6870,21,117.81,68.60,4.27,-0.00
95000,456.97,110,+0.7,1.000,34.5849,31.6870,21,112.56,68.70,5.76,-0.00
96000,447.17,110,+0.7,1.000,34.5849,31.6870,20,106.18,68.80,6.48,-0.10
97000,447.17,110,+0.7,1.000,34.5848,31.6870,21,99.50,66.90,6.77,-2.20
98000,447.17,110,+0.7,1.000,34.5847,31.6871,21,92.14,64.60,7.43,-2.10
99000,447.17,110,+0.7,1.000,34.5847,31.6871,21,84.26,61.50,7.97,-3.00
100000,437.59,110,+0.7,1.000,34.5846,31.6871,21,75.79,58.30,8.66,-3.00
101000,437.59,110,+0.7,1.000,34.5845,31.6871,21,66.79,55.50,8.98,-2.90
102000,437.59,110,+0.7,1.000,34.5844,31.6872,21,57.68,53.00,8.63,-2.50
103000,432.88,110,+0.7,1.000,34.5843,31.6872,20,51.72,50.70,3.74,-3.00
104000,432.88,110,+0.7,1.000,34.5843,31.6872,21,50.09,47.50,0.32,-3.10
105000,423.60,110,+0.7,1.000,34.5843,31.6872,21,50.07,44.80,0.10,-2.90
106000,423.60,110,+0.7,1.000,34.5843,31.6872,21,49.97,41.80,0.20,-2.90
107000,414.52,110,+0.7,1.000,34.5843,31.6872,21,49.04,39.10,2.01,-1.60
108000,414.52,110,+0.7,1.000,34.5843,31.6872,20,45.37,38.70,4.57,-0.00
109000,405.64,110,+0.7,1.000,34.5842,31.6872,21,40.11,38.60,6.08,-0.00
110000,405.64,110,+0.7,1.000,34.5842,31.6872,23,35.27,38.00,3.73,-1.80
111000,396.95,110,+0.7,1.000,34.5841,31.6872,23,33.30,34.70,0.41,-3.20
112000,396.95,110,+0.7,1.000,34.5841,31.6872,23,33.19,32.30,0.10,-2.80
113000,388.44,110,+0.7,1.000,34.5841,31.6872,23,33.00,29.50,0.32,-3.00
114000,380.12,110,+0.7,1.000,34.5841,31.6872,23,31.04,26.10,3.22,-3.10
115000,369.97,110,+0.7,1.000,34.5841,31.6872,23,26.56,22.80,5.46,-3.00
116000,362.04,110,+0.7,1.000,34.5840,31.6872,23,20.92,19.80,5.56,-2.10
117000,371.98,110,+0.7,1.000,34.5840,31.6872,23,18.29,18.20,1.80,-2.60
118000,371.98,110,+0.7,1.000,34.5840,31.6872,23,17.93,15.70,0.00,-2.90
119000,371.98,110,+0.7,1.000,34.5840,31.6872,25,18.05,12.90,0.00,-3.00
120000,371.98,110,+0.7,1.000,34.5840,31.6872,25,18.22,10.40,0.10,-1.80
121000,371.98,110,+0.7,1.000,34.5840,31.6872,25,18.27,9.30,0.22,-0.10
122000,371.98,110,+0.7,1.000,34.5840,31.6872,25,17.46,9.10,3.16,0.10
123000,371.98,110,+0.7,1.000,34.5840,31.6873,25,16.12,9.00,5.18,0.10
124000,371.98,110,+0.7,1.000,34.5840,31.6873,25,15.99,9.60,1.17,-0.00
125000,371.98,110,+0.7,1.000,34.5840,31.6873,25,16.17,9.40,0.10,-1.00
126000,371.98,110,+0.7,1.000,34.5840,31.6873,25,16.04,8.30,1.00,-0.00
127000,371.98,110,+0.7,1.000,34.5840,31.6873,25,13.28,8.40,3.73,-0.00
128000,371.98,110,+0.7,1.000,34.5839,31.6873,25,9.05,8.30,3.42,-0.80
129000,364.00,110,+0.7,1.000,34.5839,31.6873,25,7.20,6.00,1.00,-2.30
130000,364.00,110,+0.7,1.000,34.5839,31.6873,25,4.91,5.80,3.55,-0.00
131000,364.00,110,+0.7,1.000,34.5838,31.6873,24,1.97,5.80,1.10,-0.10
132000,371.98,110,+0.7,1.000,34.5838,31.6873,23,1.28,6.00,2.52,-0.00
133000,380.12,110,+0.7,1.000,34.5838,31.6873,23,0.96,4.60,0.40,-2.70
134000,380.12,110,+0.7,1.000,34.5838,31.6873,23,1.66,3.60,1.33,-0.00
135000,380.12,110,+0.7,1.000,34.5838,31.6873,23,2.31,3.70,1.20,-0.00
136000,388.44,110,+0.7,1.000,34.5838,31.6873,23,3.17,3.40,0.00,-1.00
137000,388.44,110,+0.7,1.000,34.5838,31.6873,23,3.24,3.00,1.10,-0.00
138000,388.44,110,+0.7,1.000,34.5838,31.6873,22,5.55,3.00,1.73,-0.00
139000,388.44,110,+0.7,1.000,34.5838,31.6873,22,5.86,3.10,0.00,-0.00
140000,388.44,110,+0.7,1.000,34.5838,31.6873,22,5.78,3.10,0.10,-0.00
141000,388.44,110,+0.7,1.000,34.5838,31.6873,22,6.59,2.90,0.22,-0.70
142000,364.00,110,+0.7,1.000,34.5838,31.6873,21,6.38,2.30,0.14,-0.00
143000,364.00,110,+0.7,1.000,34.5838,31.6873,21,6.36,2.30,0.92,-0.00
144000,324.88,110,+0.7,1.000,34.5838,31.6874,21,6.31,1.80,1.43,-1.00
145000,288.39,110,+0.7,1.000,34.5838,31.6874,22,6.30,1.50,0.00,-0.20
146000,236.03,110,+0.7,1.000,34.5838,31.6874,19,6.30,1.10,0.10,-0.00
147000,227.25,110,+0.7,1.000,34.5838,31.6874,20,6.21,1.10,0.00,-0.00
148000,120.60,200,+0.7,1.000,34.5838,31.6874,20,6.14,1.00,0.00,-0.00
149000,120.60,160,+0.7,1.000,34.5838,31.6874,21,6.15,1.00,0.00,-0.00
150000,60.30,120,+0.7,1.000,34.5838,31.6874,21,6.25,1.00,0.00,-0.00
151000,120.60,180,+0.7,1.000,34.5838,31.6874,20,6.19,1.10,0.00,-0.00
152000,120.60,160,+0.7,1.000,34.5838,31.6874,20,6.15,1.10,0.00,-0.00
153000,120.60,130,+0.7,1.000,34.5838,31.6874,20,6.23,1.10,0.63,-0.00
154000,120.60,130,+0.7,1.000,34.5838,31.6874,20,6.39,1.10,0.00,-0.00
155000,120.60,150,+0.7,1.000,34.5838,31.6874,19,6.13,1.20,0.32,-0.00
156000,120.60,130,+0.7,1.000,34.5838,31.6874,19,6.11,1.20,0.00,-0.00
157000,120.60,120,+0.7,1.000,34.5838,31.6874,19,6.36,1.20,0.00,-0.00
158000,120.60,120,+0.7,1.000,34.5838,31.6874,19,6.28,1.20,0.00,-0.00
159000,120.60,130,+0.7,1.000,34.5838,31.6874,19,6.24,1.10,0.00,-0.00
160000,120.60,130,+0.7,1.000,34.5838,31.6874,19,6.18,1.10,0.00,-0.00
161000,120.60,140,+0.7,1.000,34.5838,31.6874,19,6.09,1.10,0.00,-0.00
162000,120.60,140,+0.7,1.000,34.5838,31.6874,19,6.01,1.10,0.00,-0.00
163000,120.60,140,+0.7,1.000,34.5838,31.6874,19,5.95,1.10,0.00,-0.00
164000,120.60,140,+0.7,1.000,34.5838,31.6874,19,5.89,1.10,0.00,-0.00
165000,120.60,140,+0.7,1.000,34.5838,31.6874,19,5.85,1.10,0.00,-0.00
166000,120.60,150,+0.7,1.000,34.5838,31.6874,19,5.79,1.10,0.32,-0.00
167000,120.60,140,+0.7,1.000,34.5838,31.6874,19,5.61,1.10,0.20,-0.00
168000,120.60,140,+0.7,1.000,34.5838,31.6874,19,5.61,1.10,0.20,-0.00
169000,120.60,140,+0.7,1.000,34.5838,31.6874,19,5.20,1.10,0.76,-0.00
170000,120.60,160,+0.7,1.000,34.5838,31.6874,20,5.04,1.20,0.00,-0.00
171000,135.12,110,+0.7,1.000,34.5838,31.6874,20,4.78,1.20,0.20,-0.00
172000,302.79,110,+0.7,1.000,34.5838,31.6874,21,4.43,1.20,0.00,-0.00
173000,301.16,110,+0.7,1.000,34.5838,31.6874,21,3.97,1.20,0.71,-0.00
174000,384.26,110,+0.7,1.000,34.5838,31.6874,21,3.72,2.40,0.00,2.70
175000,454.50,110,+0.7,1.000,34.5838,31.6874,22,3.44,5.40,0.20,2.90
176000,399.10,110,+0.7,1.000,34.5838,31.6874,22,1.84,8.50,3.31,2.90
177000,390.55,110,+0.7,1.000,34.5839,31.6873,23,3.58,11.50,5.62,2.90
178000,382.18,110,+0.7,1.000,34.5839,31.6873,25,9.64,14.70,7.00,3.00
179000,360.08,110,+0.7,1.000,34.5840,31.6873,26,17.05,17.80,8.01,2.90
180000,337.43,110,+0.7,1.000,34.5841,31.6874,26,24.94,20.70,7.03,3.10
181000,337.43,110,+0.7,1.000,34.5841,31.6874,27,29.63,23.20,3.04,2.90
182000,346.69,110,+0.7,1.000,34.5841,31.6874,28,30.82,26.20,0.45,3.00
183000,348.57,110,+0.7,1.000,34.5841,31.6874,28,31.06,28.00,0.28,0.50
184000,356.21,110,+0.7,1.000,34.5842,31.6874,28,32.65,27.80,3.01,-0.00
185000,356.21,110,+0.7,1.000,34.5842,31.6874,27,36.91,27.80,5.20,0.10
186000,364.00,110,+0.7,1.000,34.5843,31.6874,27,42.90,27.60,6.61,-1.30
187000,364.00,110,+0.7,1.000,34.5843,31.6874,28,50.20,25.70,7.91,-1.80
188000,364.00,110,+0.7,1.000,34.5844,31.6874,26,58.53,24.20,8.60,-1.20
189000,364.00,110,+0.7,1.000,34.5845,31.6874,28,67.46,23.50,9.00,-0.00
190000,369.97,110,+0.7,1.000,34.5846,31.6874,28,76.81,23.70,8.90,-0.00
191000,369.97,110,+0.7,1.000,34.5847,31.6874,28,83.55,23.70,4.62,-0.00
192000,369.97,110,+0.7,1.000,34.5847,31.6874,28,86.45,24.00,1.68,-0.20
193000,369.97,110,+0.7,1.000,34.5847,31.6873,28,86.99,24.00,0.22,-0.20
194000,369.97,110,+0.7,1.000,34.5847,31.6873,28,87.16,23.70,0.14,-0.20
195000,369.97,110,+0.7,1.000,34.5847,31.6873,28,87.27,24.00,0.00,2.10
196000,369.97,110,+0.7,1.000,34.5847,31.6873,28,87.45,26.80,0.00,2.90
197000,376.03,110,+0.7,1.000,34.5848,31.6873,27,88.07,29.20,1.50,1.10
198000,376.03,110,+0.7,1.000,34.5848,31.6873,28,91.20,29.30,4.30,0.20
199000,384.26,110,+0.7,1.000,34.5848,31.6873,28,96.74,31.30,6.20,2.90
200000,384.26,110,+0.7,1.000,34.5849,31.6873,27,103.53,33.40,7.20,0.50
201000,392.67,110,+0.7,1.000,34.5850,31.6873,28,111.43,33.40,8.30,-0.00
202000,401.27,110,+0.7,1.000,34.5851,31.6873,28,120.13,34.40,8.90,2.40
203000,401.27,110,+0.7,1.000,34.5852,31.6873,28,128.77,36.90,6.80,1.70
204000,410.06,110,+0.7,1.000,34.5852,31.6873,28,133.69,37.20,3.52,-0.00
205000,410.06,110,+0.7,1.000,34.5853,31.6873,28,135.51,37.20,0.71,-0.10
206000,410.06,110,+0.7,1.000,34.5853,31.6873,28,135.72,37.30,0.14,-0.00
207000,410.06,110,+0.7,1.000,34.5853,31.6873,28,135.92,37.00,0.10,-0.00
208000,410.06,110,+0.7,1.000,34.5853,31.6873,28,136.08,37.00,0.00,0.10
209000,410.06,110,+0.7,1.000,34.5853,31.6873,29,136.14,37.10,0.00,0.10
210000,410.06,110,+0.7,1.000,34.5853,31.6873,29,136.14,37.20,0.00,-0.00
211000,410.06,110,+0.7,1.000,34.5853,31.6873,28,136.13,37.30,0.00,-0.00
212000,360.08,110,+0.7,1.000,34.5853,31.6873,29,136.12,37.40,0.00,-0.00
213000,306.09,110,+0.7,1.000,34.5853,31.6873,29,136.10,37.20,0.00,-0.00
214000,282.21,110,+0.7,1.000,34.5853,31.6873,27,136.01,37.30,0.00,-0.00
215000,276.16,110,+0.7,1.000,34.5853,31.6873,29,135.99,37.50,0.00,-0.00
216000,270.25,110,+0.7,1.000,34.5853,31.6873,29,135.98,37.50,0.00,-0.10
217000,267.33,110,+0.7,1.000,34.5853,31.6873,29,135.99,37.50,0.00,-0.10
218000,267.33,110,+0.7,1.000,34.5853,31.6873,29,135.97,37.30,0.00,-0.00
219000,280.69,110,+0.7,1.000,34.5853,31.6873,29,135.96,37.30,0.00,-0.00
220000,301.16,110,+0.7,1.000,34.5853,31.6873,28,135.97,37.20,0.00,-0.00
221000,321.38,110,+0.7,1.000,34.5853,31.6873,28,135.98,37.20,0.00,-0.00
222000,354.28,110,+0.7,1.000,34.5853,31.6873,29,135.99,37.30,0.00,-0.00
223000,392.67,100,+0.7,1.000,34.5853,31.6873,27,136.00,37.30,0.00,-0.00
224000,412.29,100,+0.7,1.000,34.5853,31.6873,25,136.01,37.30,0.00,-0.00
225000,461.94,100,+0.7,1.000,34.5853,31.6873,28,136.02,37.30,0.00,-0.00
226000,523.21,100,+0.7,1.000,34.5853,31.6873,28,136.04,37.40,0.00,-0.00
227000,615.51,100,+0.7,1.000,34.5853,31.6873,29,136.05,37.40,0.00,-0.00
228000,639.28,100,+0.7,1.000,34.5853,31.6873,29,136.01,37.30,0.00,-0.00
229000,543.43,100,+0.7,1.000,34.5853,31.6873,29,135.99,37.30,0.00,-0.00
230000,421.31,100,+0.7,1.000,34.5853,31.6873,29,135.96,37.40,0.00,-0.00
231000,352.37,100,+0.7,1.000,34.5853,31.6873,29,135.95,37.50,0.00,-0.00
232000,326.64,100,+0.7,1.000,34.5853,31.6873,29,135.95,37.40,0.00,-0.10
233000,321.38,100,+0.7,1.000,34.5853,31.6873,28,135.99,37.20,0.00,-0.00
234000,321.38,100,+0.7,1.000,34.5853,31.6873,29,135.97,37.20,0.00,0.10
235000,314.49,100,+0.7,1.000,34.5853,31.6873,29,135.95,37.50,0.00,-0.00
236000,306.09,100,+0.7,1.000,34.5853,31.6873,29,135.97,37.50,0.00,-0.00
237000,314.49,100,+0.7,1.000,34.5853,31.6873,29,135.93,37.30,0.00,-0.00
238000,333.79,100,+0.7,1.000,34.5853,31.6873,29,135.92,37.20,0.00,-0.00
239000,384.26,100,+0.7,1.000,34.5853,31.6873,29,135.99,37.20,0.00,-0.00
240000,401.27,100,+0.7,1.000,34.5853,31.6873,29,136.08,37.30,0.00,0.10
241000,412.29,100,+0.7,1.000,34.5853,31.6873,29,136.13,37.40,0.00,-0.00
242000,371.98,100,+0.7,1.000,34.5853,31.6873,29,136.14,37.50,0.00,-0.00
243000,316.20,100,+0.7,1.000,34.5853,31.6873,29,136.15,37.40,0.00,-0.00
244000,299.53,100,+0.7,1.000,34.5853,31.6873,29,136.10,37.50,0.00,-0.00
245000,293.11,100,+0.7,1.000,34.5853,31.6873,29,136.17,37.40,0.36,-0.00
246000,293.11,100,+0.7,1.000,34.5853,31.6873,29,137.18,37.30,2.24,-0.00
247000,293.11,100,+0.7,1.000,34.5853,31.6874,28,140.56,37.30,4.74,-0.00
248000,286.83,100,+0.7,1.000,34.5854,31.6874,28,145.67,37.30,6.40,-0.00
249000,286.83,100,+0.7,1.000,34.5854,31.6874,28,152.14,37.40,7.57,0.10
250000,286.83,100,+0.7,1.000,34.5855,31.6874,27,159.51,38.90,8.46,2.10
251000,286.83,100,+0.7,1.000,34.5856,31.6875,29,167.17,41.00,7.38,1.50
252000,286.83,100,+0.7,1.000,34.5856,31.6875,29,172.53,41.20,3.77,-0.00
253000,245.15,100,+0.7,1.000,34.5857,31.6875,29,174.42,41.50,0.80,-0.10
254000,208.39,100,+0.7,1.000,34.5857,31.6875,29,174.66,41.40,0.14,-0.20
255000,194.22,100,+0.7,1.000,34.5857,31.6875,28,174.74,41.00,0.10,-0.00
256000,194.22,100,+0.7,1.000,34.5857,31.6875,29,174.88,40.80,0.00,-0.00
257000,194.22,100,+0.7,1.000,34.5857,31.6875,29,174.95,40.70,0.00,-0.00
258000,182.99,100,+0.7,1.657,34.5857,31.6875,29,174.89,40.70,0.00,-0.00
259000,192.13,100,+0.7,2.677,34.5857,31.6875,28,174.93,40.80,0.00,-0.00
260000,192.13,100,+0.7,2.677,34.5857,31.6875,28,174.92,40.80,0.00,-0.00
261000,192.13,100,+0.7,2.677,34.5857,31.6875,28,174.91,40.80,0.00,-0.00
262000,192.13,100,+0.7,2.677,34.5857,31.6875,27,174.91,40.80,0.00,-0.00
263000,192.13,100,+0.7,2.677,34.5857,31.6875,27,174.95,40.80,0.00,-0.00
264000,192.13,100,+0.7,2.677,34.5857,31.6875,27,174.97,40.90,0.00,-0.00
265000,192.13,100,+0.7,2.677,34.5857,31.6875,28,174.95,41.10,0.00,-0.00
266000,192.13,100,+0.7,2.677,34.5857,31.6875,28,174.90,41.10,0.00,-0.10
267000,192.13,100,+0.7,2.677,34.5857,31.6875,28,174.95,41.10,0.00,-0.00
268000,188.01,100,+0.7,2.677,34.5857,31.6875,29,174.94,40.90,0.00,-0.00
269000,188.01,100,+0.7,2.677,34.5857,31.6875,28,174.96,40.80,0.00,-0.00
270000,188.01,100,+0.7,2.677,34.5857,31.6875,28,175.00,40.90,0.00,0.10
271000,188.01,100,+0.7,2.677,34.5857,31.6875,28,175.00,40.90,0.00,-0.00
272000,192.13,100,+0.7,2.677,34.5857,31.6875,28,174.95,41.00,0.00,-0.00
273000,192.13,100,+0.7,2.677,34.5857,31.6875,28,174.96,41.20,0.00,-0.00
274000,192.13,100,+0.7,2.677,34.5857,31.6875,29,174.91,41.20,0.00,-0.00
275000,192.13,100,+0.7,2.677,34.5857,31.6875,28,175.42,41.20,1.62,-0.00
276000,192.13,100,+0.7,2.677,34.5857,31.6875,28,178.52,40.60,4.31,-0.00
277000,192.13,100,+0.7,2.677,34.5857,31.6875,28,183.83,40.60,6.15,0.10
278000,191.09,100,+0.7,2.677,34.5858,31.6876,27,190.65,41.00,7.37,0.10
279000,195.28,100,+0.7,2.677,34.5859,31.6876,27,198.40,41.20,8.23,-0.00
280000,188.01,100,+0.7,2.677,34.5860,31.6876,27,206.87,41.20,8.80,-0.00
281000,188.01,100,+0.7,2.677,34.5861,31.6876,27,215.72,41.20,9.12,-0.00
282000,183.98,100,+0.7,2.677,34.5862,31.6877,27,224.78,41.30,9.43,-0.00
283000,183.98,100,+0.7,2.677,34.5863,31.6877,28,234.17,41.30,9.49,-0.00
284000,193.17,100,+0.7,2.677,34.5863,31.6877,27,243.61,41.20,9.65,-0.10
285000,230.97,100,+0.7,2.677,34.5864,31.6878,29,253.37,41.10,9.69,-0.10
286000,230.97,100,+0.7,2.677,34.5866,31.6878,29,263.10,40.50,9.64,-0.00
287000,238.60,100,+0.7,2.677,34.5867,31.6878,29,272.67,40.80,9.60,0.10
288000,241.20,100,+0.7,2.677,34.5867,31.6878,29,280.45,40.80,5.50,-0.00
289000,241.20,100,+0.7,2.677,34.5868,31.6878,29,283.87,41.30,2.62,-0.00
290000,241.20,100,+0.7,2.677,34.5868,31.6878,29,285.60,41.40,3.93,-0.10
291000,238.60,100,+0.7,2.677,34.5868,31.6879,29,287.52,41.20,5.20,-0.00
292000,228.48,100,+0.7,2.677,34.5868,31.6879,29,289.80,41.60,6.20,1.40
293000,217.61,100,+0.7,2.677,34.5868,31.6880,29,292.51,43.90,6.79,2.90
294000,217.61,100,+0.7,2.677,34.5868,31.6880,29,295.46,46.80,6.99,3.00
295000,212.95,100,+0.7,2.677,34.5868,31.6881,29,298.45,50.00,5.38,2.70
296000,212.95,100,+0.7,2.677,34.5869,31.6881,29,300.09,51.40,1.55,0.30
297000,212.95,100,+0.7,2.677,34.5869,31.6881,29,299.96,53.10,0.00,2.80
298000,212.95,100,+0.7,2.677,34.5869,31.6881,30,300.13,54.30,0.36,0.10
299000,212.95,100,+0.7,2.677,34.5869,31.6881,30,301.07,54.20,2.47,-0.00
300000,212.95,100,+0.7,2.677,34.5869,31.6881,30,304.47,54.10,4.81,-0.00
301000,212.95,100,+0.7,2.677,34.5870,31.6881,30,309.70,54.10,6.53,-0.00
302000,212.95,100,+0.7,2.677,34.5870,31.6881,30,316.13,54.20,7.55,0.10
303000,212.95,100,+0.7,2.677,34.5871,31.6881,30,323.39,54.40,8.37,-0.00
304000,217.61,100,+0.7,2.677,34.5872,31.6881,30,331.22,54.50,8.91,-0.00
305000,214.11,100,+0.7,2.677,34.5873,31.6880,30,338.05,54.40,7.16,-0.00
306000,219.98,100,+0.7,2.677,34.5874,31.6880,30,345.06,54.60,7.98,-0.00
307000,206.14,100,+0.7,2.677,34.5875,31.6880,30,352.18,54.50,7.67,-0.00
308000,203.92,100,+0.7,2.677,34.5875,31.6880,30,359.21,54.50,7.67,-0.10
309000,199.55,100,+0.7,2.677,34.5876,31.6880,30,366.29,54.30,7.67,-0.00
310000,201.73,100,+0.7,2.677,34.5877,31.6880,30,373.35,54.20,7.65,-0.00
311000,182.99,100,+0.7,2.677,34.5878,31.6879,30,380.49,54.30,7.67,-0.00
312000,182.99,100,+0.7,2.677,34.5879,31.6879,30,387.83,54.30,7.77,-0.00
313000,187.00,100,+0.7,2.677,34.5879,31.6879,30,393.08,54.30,3.81,-0.00
314000,279.17,100,+0.7,2.677,34.5879,31.6879,30,395.90,54.70,2.96,-0.00
315000,367.97,100,+0.7,2.677,34.5880,31.6879,30,398.89,54.70,3.26,-0.10
316000,464.45,100,+0.7,2.677,34.5880,31.6879,30,402.12,54.40,3.47,-0.00
317000,479.79,100,+0.7,2.677,34.5881,31.6879,29,405.61,54.30,3.98,-0.00
318000,479.79,100,+0.7,2.677,34.5881,31.6879,30,410.15,54.30,5.41,-0.00
319000,479.79,100,+0.7,2.677,34.5882,31.6879,30,415.90,54.30,5.73,0.20
320000,479.79,100,+0.7,2.677,34.5882,31.6879,30,420.74,54.40,5.22,-0.00
321000,469.51,100,+0.7,2.677,34.5883,31.6879,30,426.28,54.50,6.24,-0.10
322000,464.45,100,+0.7,2.677,34.5884,31.6878,30,432.78,54.30,7.14,-0.00
323000,459.44,100,+0.7,2.677,34.5884,31.6878,30,439.96,54.30,7.65,-0.00
324000,452.04,100,+0.7,2.677,34.5885,31.6878,30,447.65,54.40,8.16,-0.00
325000,452.04,100,+0.7,2.677,34.5886,31.6878,30,455.67,54.40,8.37,-0.00
326000,419.04,100,+0.7,2.677,34.5887,31.6878,30,463.75,54.60,8.59,-0.00
327000,416.77,100,+0.7,2.677,34.5888,31.6878,30,472.06,54.60,8.63,-0.00
328000,416.77,100,+0.7,2.677,34.5889,31.6877,30,480.27,54.50,8.71,-0.00
329000,428.21,100,+0.7,2.677,34.5890,31.6877,29,488.39,54.40,8.73,-0.00
330000,501.03,100,+0.7,2.677,34.5890,31.6877,30,496.58,54.40,8.68,-0.00
331000,430.54,100,+0.7,2.677,34.5891,31.6877,30,504.90,54.40,8.71,-0.00
332000,414.52,100,+0.7,2.677,34.5892,31.6877,30,513.31,54.30,8.76,-0.00
333000,414.52,100,+0.7,2.677,34.5893,31.6876,30,521.74,54.40,8.78,-0.00
334000,414.52,100,+0.7,2.677,34.5894,31.6876,30,530.08,54.40,8.83,-0.00
335000,414.52,100,+0.7,2.677,34.5895,31.6876,30,538.50,54.60,8.74,-0.00
336000,414.52,100,+0.7,2.677,34.5896,31.6876,30,546.81,54.60,8.76,-0.10
337000,414.52,100,+0.7,2.677,34.5897,31.6876,30,555.19,54.50,8.76,-0.00
338000,414.52,100,+0.7,2.677,34.5898,31.6875,30,563.58,54.40,8.76,-0.00
339000,344.82,100,+0.7,2.677,34.5899,31.6875,30,571.90,54.40,8.86,-0.00
340000,314.49,100,+0.7,2.677,34.5899,31.6875,30,580.53,54.40,9.18,-0.00
341000,333.79,100,+0.7,2.677,34.5900,31.6875,29,589.55,54.50,9.40,-0.00
342000,337.43,100,+0.7,2.677,34.5901,31.6874,30,598.51,54.40,9.49,-0.00
343000,337.43,100,+0.7,2.677,34.5902,31.6874,29,608.63,54.40,9.49,-0.00
344000,337.43,100,+0.7,2.677,34.5903,31.6874,30,617.67,54.40,9.40,-0.00
345000,344.82,100,+0.7,2.677,34.5904,31.6874,30,626.75,54.40,9.37,-0.00
346000,344.82,100,+0.7,2.677,34.5905,31.6873,30,635.89,54.50,9.40,-0.00
347000,344.82,100,+0.7,2.677,34.5906,31.6873,30,644.96,54.50,9.40,-0.00
348000,344.82,100,+0.7,2.677,34.5907,31.6873,30,654.09,54.50,9.40,-0.00
349000,344.82,100,+0.7,2.677,34.5908,31.6873,30,663.16,54.50,9.40,-0.00
350000,352.37,100,+0.7,2.677,34.5909,31.6872,29,672.25,54.50,9.40,-0.00
351000,352.37,100,+0.7,2.677,34.5910,31.6872,30,681.33,54.50,8.76,0.20
352000,365.98,100,+0.7,2.398,34.5911,31.6872,30,688.55,54.50,6.90,-0.00
353000,459.44,100,+0.7,1.000,34.5912,31.6872,30,695.40,54.60,7.40,-0.00
354000,482.39,100,+0.7,1.000,34.5912,31.6872,30,703.05,54.50,8.13,-0.00
355000,482.39,100,+0.7,1.000,34.5913,31.6871,30,711.18,54.40,8.52,-0.00
356000,482.39,100,+0.7,1.000,34.5914,31.6871,30,719.67,54.40,8.74,-0.00
357000,482.39,100,+0.7,1.000,34.5915,31.6871,30,726.13,54.60,4.81,-0.00
358000,482.39,100,+0.7,1.000,34.5915,31.6871,30,728.97,55.00,2.16,-0.20
359000,482.39,100,+0.7,1.000,34.5915,31.6871,30,729.73,54.90,0.36,-0.10
360000,482.39,100,+0.7,1.000,34.5915,31.6871,30,729.85,54.80,0.00,-0.00
361000,482.39,100,+0.7,1.000,34.5915,31.6871,30,730.01,54.30,0.10,-0.00
362000,482.39,100,+0.7,1.000,34.5915,31.6871,30,730.61,54.10,1.90,0.10
363000,472.05,100,+0.7,1.000,34.5916,31.6871,30,733.92,53.90,4.27,0.10
364000,472.05,100,+0.7,1.000,34.5916,31.6870,30,739.17,53.90,6.04,0.20
365000,472.05,100,+0.7,1.000,34.5917,31.6870,30,745.67,54.20,7.06,0.10
366000,472.05,100,+0.7,1.000,34.5918,31.6870,30,753.11,54.40,7.88,0.10
367000,472.05,100,+0.7,1.000,34.5918,31.6870,30,759.79,54.80,5.13,-0.00
368000,472.05,100,+0.7,1.000,34.5919,31.6870,30,762.93,54.90,2.92,-0.30
369000,472.05,100,+0.7,1.000,34.5919,31.6870,30,766.28,54.60,4.30,-0.10
370000,472.05,100,+0.7,1.000,34.5920,31.6870,30,771.39,54.40,5.85,-0.00
371000,472.05,100,+0.7,1.000,34.5920,31.6869,30,777.83,54.40,7.09,-0.00
372000,472.05,100,+0.7,1.000,34.5921,31.6869,30,785.23,54.30,7.82,-0.00
373000,472.05,100,+0.7,1.000,34.5922,31.6869,30,793.22,54.30,8.35,-0.00
374000,472.05,100,+0.7,1.000,34.5923,31.6869,30,801.67,54.40,8.76,-0.00
375000,472.05,100,+0.7,1.000,34.5924,31.6869,30,810.35,54.40,8.96,-0.00
376000,472.05,100,+0.7,1.000,34.5924,31.6868,30,819.33,54.50,9.18,-0.00
377000,464.45,100,+0.7,1.000,34.5925,31.6868,30,828.46,54.40,9.27,-0.00
378000,464.45,100,+0.7,1.000,34.5926,31.6868,30,837.40,54.40,9.33,-0.00
379000,464.45,100,+0.7,1.000,34.5927,31.6867,30,846.53,54.50,9.40,-0.00
380000,464.45,100,+0.7,1.000,34.5928,31.6867,30,855.58,54.50,9.43,-0.00
381000,464.45,100,+0.7,1.000,34.5929,31.6867,30,864.60,54.50,9.34,-0.00
382000,464.45,100,+0.7,1.000,34.5930,31.6867,29,873.75,54.40,9.38,-0.10
383000,464.45,100,+0.7,1.000,34.5931,31.6866,30,881.20,54.50,5.73,-0.00
384000,464.45,100,+0.7,1.000,34.5931,31.6866,30,884.65,54.80,2.52,-0.00
385000,464.45,100,+0.7,1.000,34.5931,31.6866,30,885.63,54.90,0.42,-0.00
386000,464.45,100,+0.7,1.000,34.5931,31.6866,30,886.86,54.50,2.64,-0.00
387000,464.45,100,+0.7,1.000,34.5932,31.6866,30,890.64,54.20,4.25,0.10
388000,464.45,100,+0.7,1.000,34.5932,31.6866,30,895.35,54.20,5.55,0.10
389000,464.45,100,+0.7,1.000,34.5933,31.6865,29,901.41,54.10,6.82,0.10
390000,464.45,100,+0.7,1.000,34.5934,31.6865,30,908.52,54.10,7.63,0.10
391000,464.45,100,+0.7,1.000,34.5934,31.6865,30,916.26,54.20,8.30,-0.00
392000,474.62,100,+0.7,1.000,34.5935,31.6865,30,924.47,54.30,8.60,-0.00
393000,474.62,100,+0.7,1.000,34.5936,31.6864,30,933.08,54.50,8.81,-0.00
394000,464.45,100,+0.7,1.000,34.5937,31.6864,29,941.92,54.50,8.71,-0.00
395000,449.60,100,+0.7,1.000,34.5938,31.6864,29,949.89,54.60,6.63,-0.00
396000,514.78,100,+0.7,1.000,34.5938,31.6864,30,954.17,54.90,2.81,-0.00
397000,599.06,100,+0.7,1.000,34.5938,31.6864,29,955.38,55.30,0.30,-0.20
398000,639.28,100,+0.7,1.000,34.5939,31.6864,28,955.50,55.00,0.00,-0.20
399000,514.78,100,+0.7,1.000,34.5939,31.6864,28,955.56,54.50,0.10,-0.00
400000,416.77,100,+0.7,1.000,34.5939,31.6864,28,955.75,54.40,0.00,0.10
401000,321.38,100,+0.7,1.000,34.5939,31.6864,28,955.78,54.30,0.00,-0.00
402000,316.20,100,+0.7,1.000,34.5939,31.6864,29,955.83,54.40,0.00,-0.00
403000,294.70,100,+0.7,1.000,34.5939,31.6864,29,955.83,54.40,0.00,-0.00
404000,256.00,100,+0.7,1.000,34.5939,31.6864,30,955.80,54.30,0.00,-0.00
405000,242.51,100,+0.7,1.000,34.5939,31.6864,30,955.79,54.40,0.00,-0.00
406000,236.03,100,+0.7,1.000,34.5939,31.6864,30,955.80,54.50,0.00,-0.00
407000,230.97,100,+0.7,1.000,34.5939,31.6864,29,955.72,54.40,1.14,-0.00
408000,226.02,100,+0.7,1.000,34.5938,31.6864,30,955.08,54.40,3.70,-0.00
409000,226.02,100,+0.7,1.000,34.5938,31.6864,30,954.01,54.40,5.50,-0.00
410000,226.02,100,+0.7,1.000,34.5938,31.6863,30,952.64,54.50,6.67,-0.00
411000,226.02,100,+0.7,1.000,34.5938,31.6863,29,951.09,54.40,7.40,-0.00
412000,222.38,100,+0.7,1.000,34.5938,31.6862,30,950.01,54.60,3.54,-0.00
413000,216.44,100,+0.7,1.000,34.5938,31.6862,30,949.78,54.60,0.61,-0.10
414000,216.44,100,+0.7,1.000,34.5938,31.6862,30,949.78,56.20,0.00,2.70
415000,216.44,100,+0.7,1.000,34.5938,31.6862,30,949.88,58.90,0.00,2.90
416000,216.44,100,+0.7,1.000,34.5938,31.6862,30,949.97,62.00,0.00,3.00
417000,216.44,100,+0.7,1.000,34.5938,31.6862,30,949.91,65.00,0.00,3.00
418000,216.44,100,+0.7,1.000,34.5938,31.6862,30,949.88,68.00,0.00,3.00
419000,216.44,100,+0.7,1.000,34.5938,31.6862,30,949.89,71.00,0.00,2.90
420000,217.61,100,+0.7,1.000,34.5938,31.6862,29,949.89,73.90,0.00,2.90
421000,222.38,100,+0.7,1.000,34.5938,31.6862,30,949.92,76.90,0.00,2.90
422000,222.38,100,+0.7,1.000,34.5938,31.6862,30,949.92,80.00,0.00,3.00
423000,227.25,100,+0.7,1.000,34.5938,31.6862,30,949.90,83.00,0.00,2.90
424000,232.22,100,+0.7,1.000,34.5938,31.6862,30,949.89,86.00,0.00,2.90
425000,236.03,100,+0.7,1.000,34.5938,31.6862,30,949.89,88.90,0.00,2.50
426000,237.31,100,+0.7,1.000,34.5938,31.6862,30,949.92,90.00,0.00,1.40
427000,237.31,100,+0.7,1.000,34.5938,31.6862,30,949.85,92.70,0.00,2.90
428000,242.51,100,+0.7,1.000,34.5938,31.6862,30,949.93,95.80,0.00,3.00
429000,247.82,100,+0.7,1.000,34.5938,31.6862,30,949.93,98.90,0.00,2.90
430000,249.16,100,+0.7,1.000,34.5938,31.6862,30,949.92,100.90,0.10,0.50
431000,249.16,100,+0.7,1.000,34.5937,31.6862,30,948.12,100.90,3.07,-0.00
432000,249.16,100,+0.7,1.000,34.5937,31.6862,30,943.64,101.00,5.44,-0.00
433000,249.16,100,+0.7,1.000,34.5936,31.6862,29,937.43,101.10,6.86,-0.00
434000,249.16,100,+0.7,1.000,34.5936,31.6862,30,930.72,101.00,5.12,-0.00
435000,249.16,100,+0.7,1.000,34.5935,31.6863,30,928.05,100.50,0.81,-0.00
436000,249.16,100,+0.7,1.000,34.5935,31.6863,30,928.00,100.80,0.10,-0.00
437000,249.16,100,+0.7,1.000,34.5935,31.6863,30,928.01,100.60,0.00,-0.00
438000,249.16,100,+0.7,1.000,34.5935,31.6863,30,927.95,100.60,0.00,-0.00
439000,249.16,100,+0.7,1.000,34.5935,31.6863,30,927.96,100.60,0.00,-0.00
440000,249.16,100,+0.7,1.000,34.5935,31.6863,30,927.93,100.70,0.00,-0.00
441000,249.16,100,+0.7,1.000,34.5935,31.6863,30,927.92,100.80,0.00,-0.00
442000,249.16,100,+0.7,1.000,34.5935,31.6863,30,927.90,100.80,0.00,-0.00
443000,249.16,100,+0.7,1.000,34.5935,31.6863,30,927.87,100.90,0.00,-0.00
444000,249.16,100,+0.7,1.000,34.5935,31.6863,30,927.86,100.90,0.00,-0.00
445000,249.16,100,+0.7,1.000,34.5935,31.6863,30,927.86,100.90,0.00,-0.00
446000,249.16,100,+0.7,1.000,34.5935,31.6863,30,927.85,101.00,0.00,-0.00
447000,254.62,100,+0.7,1.000,34.5935,31.6863,30,927.82,101.00,0.00,-0.00
448000,254.62,100,+0.7,1.000,34.5935,31.6863,30,927.79,101.00,0.00,-0.00
449000,254.62,100,+0.7,1.000,34.5935,31.6863,30,927.77,101.00,0.00,-0.00
450000,254.62,100,+0.7,1.000,34.5935,31.6863,30,927.78,101.00,0.00,-0.00
451000,254.62,100,+0.7,1.000,34.5935,31.6863,30,927.75,101.00,0.00,-0.00
452000,254.62,100,+0.7,1.000,34.5935,31.6863,30,927.74,101.00,0.00,-0.00
453000,254.62,100,+0.7,1.000,34.5935,31.6863,30,927.69,101.00,0.00,-0.00
454000,254.62,100,+0.7,1.000,34.5935,31.6863,30,927.67,101.00,0.00,-0.00
455000,254.62,100,+0.7,1.000,34.5935,31.6863,30,926.67,101.10,2.44,-0.00
456000,254.62,100,+0.7,1.000,34.5935,31.6863,30,922.78,101.10,4.78,-0.00
457000,254.62,100,+0.7,1.000,34.5934,31.6863,29,917.06,101.20,6.45,-0.00
458000,254.62,100,+0.7,1.000,34.5934,31.6863,30,910.59,101.00,5.15,0.10
459000,254.62,100,+0.7,1.000,34.5933,31.6863,30,907.81,100.60,0.82,-0.00
460000,254.62,100,+0.7,1.000,34.5933,31.6863,30,907.82,100.90,0.10,-0.00
461000,254.62,100,+0.7,1.000,34.5933,31.6863,30,907.79,100.70,0.00,-0.00
462000,254.62,100,+0.7,1.000,34.5933,31.6863,30,907.72,100.70,0.00,-0.00
463000,254.62,100,+0.7,1.000,34.5933,31.6863,30,906.57,100.80,2.53,-0.00
464000,254.62,100,+0.7,1.000,34.5933,31.6863,30,902.60,100.80,4.87,-0.00
465000,254.62,100,+0.7,1.000,34.5932,31.6863,29,896.85,101.00,6.45,-0.00
466000,254.62,100,+0.7,1.000,34.5931,31.6864,29,889.91,101.00,7.53,-0.00
467000,254.62,100,+0.7,1.000,34.5931,31.6864,29,882.12,100.90,8.25,-0.00
468000,254.62,100,+0.7,1.000,34.5930,31.6864,29,873.69,100.70,8.70,0.10
469000,184.98,100,+0.7,1.000,34.5929,31.6864,28,864.95,100.80,9.01,0.10
470000,165.10,100,+0.7,1.000,34.5928,31.6865,29,856.02,100.80,9.01,0.10
471000,150.58,100,+0.7,1.000,34.5927,31.6865,29,847.21,100.90,8.98,0.10
472000,150.58,100,+0.7,1.000,34.5926,31.6865,29,838.33,100.90,8.98,-0.00
473000,150.58,100,+0.7,1.000,34.5925,31.6866,29,829.42,101.00,8.98,-0.00
474000,159.82,100,+0.7,1.000,34.5924,31.6866,29,820.67,101.00,9.11,-0.00
475000,187.00,100,+0.7,1.000,34.5923,31.6866,29,811.59,101.10,9.24,-0.00
476000,207.26,100,+0.7,1.000,34.5923,31.6866,29,802.54,101.20,9.42,-0.10
477000,326.64,100,+0.7,1.000,34.5922,31.6867,29,793.27,101.20,9.55,-0.10
478000,253.24,100,+0.7,1.000,34.5921,31.6867,29,784.00,101.10,9.55,-0.10
479000,191.09,100,+0.7,1.000,34.5920,31.6867,29,774.72,101.00,9.68,-0.00
480000,158.10,100,+0.7,1.000,34.5919,31.6868,29,765.29,101.20,9.75,0.10
481000,144.98,100,+0.7,1.000,34.5918,31.6868,29,755.89,101.20,9.75,-0.10
482000,133.67,100,+0.7,1.000,34.5917,31.6868,29,746.38,101.20,9.90,-0.00
483000,132.23,100,+0.7,1.000,34.5916,31.6869,29,736.76,101.10,10.03,-0.00
484000,132.23,100,+0.7,1.000,34.5915,31.6869,29,726.97,100.90,10.22,-0.00
485000,166.00,100,+0.7,1.000,34.5914,31.6869,29,716.97,100.90,10.44,-0.00
486000,153.05,100,+0.7,1.000,34.5913,31.6870,28,706.81,100.90,10.41,-0.00
487000,141.87,100,+0.7,1.000,34.5912,31.6870,29,696.87,100.90,10.28,-0.00
488000,141.87,100,+0.7,1.000,34.5911,31.6870,29,686.90,100.90,10.28,-0.00
489000,135.86,100,+0.7,1.000,34.5910,31.6870,29,677.03,100.80,10.18,-0.00
490000,135.86,100,+0.7,1.000,34.5909,31.6871,29,667.32,100.80,10.12,-0.00
491000,140.34,100,+0.7,1.000,34.5908,31.6871,29,657.64,100.80,10.12,-0.00
492000,146.56,100,+0.7,1.000,34.5907,31.6871,29,647.94,101.00,10.09,-0.00
493000,149.77,100,+0.7,1.000,34.5906,31.6872,29,638.39,101.00,10.12,-0.00
494000,153.05,100,+0.7,1.000,34.5905,31.6872,29,628.58,101.10,10.12,-0.00
495000,156.40,100,+0.7,1.000,34.5904,31.6872,29,619.16,101.20,10.07,-0.00
496000,156.40,100,+0.7,1.000,34.5903,31.6873,30,611.75,101.60,5.61,-0.10
497000,156.40,100,+0.7,1.000,34.5902,31.6873,30,608.97,101.80,1.00,-0.20
498000,156.40,100,+0.7,1.000,34.5903,31.6873,30,609.09,102.20,0.20,-0.20
499000,156.40,100,+0.7,1.000,34.5902,31.6873,29,609.06,101.90,0.00,-0.20
500000,156.40,100,+0.7,1.000,34.5902,31.6873,29,608.99,101.30,0.00,-0.00
501000,156.40,100,+0.7,1.000,34.5902,31.6873,29,608.86,100.90,0.00,0.10
502000,156.40,100,+0.7,1.000,34.5902,31.6873,29,608.77,100.80,0.00,0.10
503000,156.40,100,+0.7,1.000,34.5902,31.6873,29,608.65,100.70,0.10,0.10
504000,156.40,100,+0.7,1.000,34.5902,31.6873,29,608.56,100.60,0.00,0.10
505000,156.40,100,+0.7,1.000,34.5902,31.6873,29,608.50,100.60,0.32,-0.00
506000,159.82,100,+0.7,1.000,34.5902,31.6873,29,606.83,100.60,2.88,-0.00
507000,159.82,100,+0.7,1.000,34.5902,31.6873,28,602.82,100.80,5.00,-0.00
508000,159.82,100,+0.7,1.000,34.5901,31.6873,28,597.15,101.00,6.52,-0.00
509000,159.82,100,+0.7,1.000,34.5901,31.6873,29,592.17,100.50,3.20,-0.00
510000,159.82,100,+0.7,1.000,34.5901,31.6873,29,591.27,100.80,0.00,-0.00
511000,159.82,100,+0.7,1.000,34.5901,31.6873,29,591.35,101.00,0.10,-0.20
512000,159.82,100,+0.7,1.000,34.5901,31.6873,29,591.35,101.00,0.00,-0.10
513000,159.82,100,+0.7,1.000,34.5901,31.6873,29,591.31,100.90,0.00,-0.00
514000,159.82,100,+0.7,1.000,34.5901,31.6873,29,591.30,100.80,0.00,-0.00
515000,159.82,100,+0.7,1.000,34.5901,31.6873,29,591.31,100.80,0.00,-0.00
516000,159.82,100,+0.7,1.000,34.5901,31.6873,29,591.27,100.80,0.00,-0.00
517000,159.82,100,+0.7,1.000,34.5901,31.6873,29,591.23,100.90,0.00,-0.00
518000,159.82,100,+0.7,1.000,34.5901,31.6873,29,590.89,100.90,0.22,-0.00
519000,159.82,100,+0.7,1.000,34.5901,31.6873,29,590.85,100.70,0.00,-1.30
520000,159.82,100,+0.7,1.000,34.5901,31.6873,29,590.81,98.20,0.00,-3.00
521000,163.32,100,+0.7,1.000,34.5901,31.6873,29,590.69,95.90,0.00,-1.00
522000,163.32,100,+0.7,1.000,34.5900,31.6873,29,589.60,95.60,1.93,-0.00
523000,163.32,100,+0.7,1.000,34.5900,31.6874,28,586.91,95.70,3.38,-0.00
524000,163.32,100,+0.7,1.000,34.5900,31.6874,28,583.09,94.80,4.55,-1.10
525000,163.32,100,+0.7,1.000,34.5899,31.6874,28,578.18,93.90,5.54,-0.70
526000,163.32,100,+0.7,1.000,34.5899,31.6874,28,572.66,93.10,6.07,-0.20
527000,163.32,100,+0.7,1.000,34.5898,31.6874,29,569.00,92.70,1.97,0.10
528000,153.05,100,+0.7,1.000,34.5898,31.6874,29,568.75,93.20,0.10,-0.00
529000,153.05,100,+0.7,1.123,34.5898,31.6874,29,568.95,93.20,0.00,-0.30
530000,145.76,100,+0.7,2.623,34.5898,31.6874,29,568.92,93.00,0.10,-0.10
531000,142.64,100,+0.7,2.953,34.5898,31.6874,29,568.76,92.90,0.00,-0.00
532000,142.64,100,+0.7,2.953,34.5898,31.6874,29,568.64,92.80,0.00,-0.00
533000,139.59,100,+0.7,2.953,34.5898,31.6874,29,568.63,92.70,0.00,-0.00
534000,139.59,100,+0.7,2.953,34.5898,31.6874,28,568.59,92.70,0.10,0.10
535000,139.59,100,+0.7,2.953,34.5898,31.6874,29,568.44,92.70,1.12,-0.00
536000,139.59,100,+0.7,2.953,34.5898,31.6874,29,567.99,92.90,1.84,-0.00
537000,139.59,100,+0.7,2.953,34.5898,31.6874,29,567.52,92.90,0.61,-0.00
538000,139.59,100,+0.7,2.953,34.5898,31.6874,29,567.49,92.90,0.10,-0.00
539000,139.59,100,+0.7,2.953,34.5898,31.6874,29,567.48,92.90,0.00,-0.00
540000,139.59,100,+0.7,3.000,34.5898,31.6874,29,567.48,93.00,0.00,-0.00
541000,139.59,100,+0.7,2.791,34.5898,31.6874,29,567.38,92.80,0.00,-0.00
542000,146.56,100,+0.7,2.439,34.5898,31.6874,29,567.35,92.90,0.00,-0.00
543000,149.77,100,+0.7,2.362,34.5898,31.6874,29,567.43,92.90,0.00,-0.00
544000,149.77,100,+0.7,2.362,34.5898,31.6874,29,567.22,92.90,1.04,-0.00
545000,149.77,100,+0.7,2.362,34.5898,31.6874,29,564.73,93.00,3.64,-0.00
546000,146.56,100,+0.7,2.362,34.5897,31.6874,29,560.01,93.20,5.63,-0.00
547000,146.56,100,+0.7,2.362,34.5897,31.6874,28,553.16,93.20,7.09,-0.00
548000,146.56,100,+0.7,2.362,34.5896,31.6874,28,545.91,93.10,7.91,-0.00
549000,158.96,100,+0.7,2.362,34.5895,31.6875,29,537.85,92.90,8.64,0.10
550000,163.32,100,+0.7,2.362,34.5894,31.6875,29,529.38,92.90,8.98,-0.00
551000,174.29,100,+0.7,2.362,34.5893,31.6875,28,520.77,93.50,8.96,-0.00
552000,178.10,100,+0.7,2.362,34.5892,31.6875,28,511.96,93.20,9.49,-0.10
553000,196.34,100,+0.7,2.362,34.5891,31.6876,28,502.80,93.20,9.78,-0.10
554000,196.34,100,+0.7,2.362,34.5890,31.6876,28,493.45,93.40,9.78,-0.00
555000,196.34,100,+0.7,2.362,34.5889,31.6876,28,484.22,93.30,9.78,-0.10
556000,196.34,100,+0.7,2.362,34.5888,31.6876,28,474.85,93.40,9.78,-0.20
557000,196.34,100,+0.7,2.362,34.5887,31.6877,28,465.69,93.10,9.78,-0.20
558000,196.34,100,+0.7,2.362,34.5886,31.6877,28,456.37,93.00,9.88,-0.00
559000,197.40,100,+0.7,2.362,34.5885,31.6877,28,447.04,92.70,9.78,-0.00
560000,200.64,100,+0.7,2.362,34.5884,31.6877,28,437.98,92.70,9.75,-0.00
561000,205.03,100,+0.7,2.362,34.5883,31.6878,28,428.95,92.60,9.66,-0.00
562000,209.52,100,+0.7,2.362,34.5882,31.6878,29,419.91,92.60,9.78,0.10
563000,217.61,100,+0.7,2.362,34.5881,31.6878,29,410.91,92.70,9.78,-0.00
564000,222.38,100,+0.7,2.362,34.5880,31.6878,28,401.72,92.90,9.78,-0.00
565000,227.25,100,+0.7,2.362,34.5879,31.6879,27,392.78,92.90,9.81,-0.00
566000,232.22,100,+0.7,2.362,34.5878,31.6879,27,383.81,92.90,9.88,-0.00
567000,242.51,100,+0.7,2.362,34.5877,31.6879,28,375.03,93.00,8.39,0.70
568000,247.82,100,+0.7,2.362,34.5877,31.6879,29,369.74,92.90,3.49,-0.20
569000,247.82,100,+0.7,2.362,34.5877,31.6879,29,368.64,93.40,0.10,0.10
570000,254.62,100,+0.7,2.362,34.5877,31.6879,29,368.66,93.70,0.00,-0.10
571000,260.19,100,+0.7,2.362,34.5877,31.6879,29,368.60,93.40,0.00,-0.10
572000,246.48,100,+0.7,2.362,34.5877,31.6879,29,368.50,93.10,0.00,-0.00
573000,232.22,100,+0.7,2.362,34.5876,31.6879,29,368.42,92.90,0.00,-0.00
574000,221.18,100,+0.7,2.362,34.5876,31.6879,29,368.37,92.80,0.00,-0.00
575000,180.04,100,+0.7,2.362,34.5876,31.6879,29,368.32,92.70,0.00,-0.00
576000,144.98,100,+0.7,2.362,34.5876,31.6879,29,368.28,92.70,0.00,-0.00
577000,140.34,100,+0.7,2.362,34.5876,31.6879,29,368.24,92.70,0.00,-0.00
578000,141.11,100,+0.7,2.362,34.5876,31.6879,29,368.23,92.70,0.00,-0.00
579000,182.00,100,+0.7,2.362,34.5876,31.6879,29,368.20,92.80,0.00,-0.00
580000,224.80,100,+0.7,2.362,34.5876,31.6879,29,368.21,92.70,0.00,-0.00
581000,243.82,100,+0.7,2.362,34.5876,31.6879,29,368.20,92.80,0.00,-0.00
582000,251.87,100,+0.7,2.362,34.5876,31.6879,29,368.23,92.80,0.00,-0.00
583000,251.87,100,+0.7,2.362,34.5876,31.6879,29,368.23,92.90,0.00,-0.00
584000,270.25,100,+0.7,2.362,34.5876,31.6879,28,368.23,93.00,0.00,-0.00
585000,270.25,100,+0.7,2.362,34.5876,31.6879,28,368.23,93.10,0.00,-0.00
586000,273.19,100,+0.7,2.362,34.5876,31.6879,29,368.27,93.00,0.00,-0.00
587000,273.19,100,+0.7,3.000,34.5876,31.6879,29,368.27,93.00,0.00,-0.00
588000,273.19,100,+0.7,2.250,34.5876,31.6879,29,368.30,92.90,0.00,-0.00
589000,264.45,100,+0.7,1.000,34.5876,31.6879,29,368.27,92.90,0.00,-0.00
590000,264.45,100,+0.7,1.000,34.5876,31.6879,29,368.25,92.80,0.00,-0.00
591000,280.69,100,+0.7,1.000,34.5876,31.6879,29,368.22,92.70,0.00,-0.00
592000,280.69,100,+0.7,1.000,34.5876,31.6879,29,368.23,92.80,0.00,-0.00
593000,280.69,100,+0.7,1.000,34.5876,31.6879,29,368.26,92.90,0.00,-0.00
594000,280.69,100,+0.7,1.000,34.5876,31.6879,29,368.27,92.90,0.00,-0.00
595000,280.69,100,+0.7,1.000,34.5876,31.6879,29,368.28,92.90,0.00,-0.00
596000,280.69,100,+0.7,1.000,34.5876,31.6879,29,368.29,93.00,0.00,-0.00
597000,268.79,100,+0.7,1.000,34.5876,31.6879,29,368.32,93.00,0.00,-0.00
598000,263.03,100,+0.7,1.000,34.5876,31.6879,29,368.32,93.10,0.00,-0.00
599000,319.64,100,+0.7,1.000,34.5876,31.6879,29,368.32,93.10,0.00,-0.00
600000,382.18,100,+0.7,1.000,34.5876,31.6879,29,368.31,93.00,0.00,-0.00
601000,324.88,100,+0.7,1.000,34.5876,31.6879,29,368.28,92.90,0.00,-0.00
602000,324.88,100,+0.7,1.000,34.5876,31.6879,29,368.27,92.80,0.00,-0.00
603000,324.88,100,+0.7,1.000,34.5876,31.6879,29,368.25,92.90,0.00,-0.00
604000,324.88,100,+0.7,1.000,34.5876,31.6879,29,368.23,92.90,0.00,0.20
605000,324.88,100,+0.7,1.000,34.5876,31.6879,29,368.21,93.50,0.00,1.30
606000,324.88,100,+0.7,1.000,34.5876,31.6879,29,368.17,95.50,0.00,1.10
607000,324.88,100,+0.7,1.000,34.5876,31.6879,29,368.13,95.70,0.82,-0.00
608000,324.88,100,+0.7,1.000,34.5876,31.6879,29,366.85,95.60,3.64,-0.00
609000,324.88,100,+0.7,1.000,34.5876,31.6879,29,364.29,95.70,5.66,-0.00
610000,324.88,100,+0.7,1.000,34.5876,31.6878,29,361.05,95.80,6.96,-0.40
611000,324.88,100,+0.7,1.000,34.5876,31.6877,28,357.43,93.80,7.91,-2.50
612000,324.88,100,+0.7,1.000,34.5875,31.6877,28,353.33,90.50,8.84,-3.00
613000,324.88,100,+0.7,1.000,34.5875,31.6876,28,349.10,87.30,9.19,-3.00
614000,317.92,100,+0.7,1.000,34.5875,31.6875,29,344.95,84.30,9.51,-2.90
615000,317.92,100,+0.7,1.000,34.5874,31.6874,29,340.94,81.30,9.79,-3.00
616000,317.92,100,+0.7,1.000,34.5874,31.6873,29,337.05,78.30,9.92,-2.90
617000,317.92,100,+0.7,1.000,34.5873,31.6873,29,333.45,75.60,9.82,-2.90
618000,311.10,100,+0.7,1.000,34.5873,31.6872,29,330.03,72.80,9.92,-2.90
619000,311.10,100,+0.7,1.000,34.5873,31.6871,29,326.89,69.80,9.92,-2.90
620000,311.10,100,+0.7,1.000,34.5872,31.6870,29,324.02,66.70,9.92,-3.00
621000,311.10,100,+0.7,1.000,34.5872,31.6869,29,321.44,63.80,10.01,-2.80
622000,311.10,100,+0.7,1.000,34.5871,31.6868,29,319.29,62.20,9.15,-0.20
623000,311.10,100,+0.7,1.000,34.5871,31.6868,29,318.07,62.10,4.74,-0.00
624000,311.10,100,+0.7,1.000,34.5871,31.6868,29,317.65,62.90,1.03,-0.10
625000,311.10,100,+0.7,1.000,34.5871,31.6868,29,316.27,62.80,1.77,-0.50
626000,304.44,100,+0.7,1.000,34.5871,31.6868,29,313.57,62.30,3.48,-0.10
627000,304.44,100,+0.7,1.000,34.5870,31.6868,29,308.92,62.10,5.44,-0.00
628000,299.53,100,+0.7,1.000,34.5870,31.6868,29,302.62,61.70,6.84,-0.00
629000,299.53,100,+0.7,1.000,34.5869,31.6868,29,295.12,61.60,7.76,0.20
630000,293.11,100,+0.7,1.000,34.5868,31.6868,29,287.00,61.70,8.54,0.30
631000,293.11,100,+0.7,1.000,34.5867,31.6869,29,278.27,61.60,8.71,0.20
632000,293.11,100,+0.7,1.000,34.5866,31.6869,29,272.31,61.60,3.90,-0.00
633000,293.11,100,+0.7,1.000,34.5866,31.6869,29,270.10,62.10,4.12,0.20
634000,293.11,100,+0.7,1.000,34.5866,31.6868,29,268.39,62.70,5.68,-0.10
635000,242.51,100,+0.7,1.000,34.5866,31.6868,29,266.92,62.50,5.41,-0.20
636000,242.51,100,+0.7,1.000,34.5865,31.6867,29,265.83,62.50,4.88,-0.10
637000,242.51,100,+0.7,1.000,34.5865,31.6867,29,265.16,62.50,3.01,-0.10
638000,242.51,100,+0.7,1.000,34.5865,31.6867,29,265.09,62.70,0.20,-0.10
639000,242.51,100,+0.7,1.066,34.5865,31.6867,29,265.20,62.60,0.10,-0.30
640000,256.00,100,+0.7,2.566,34.5865,31.6867,29,265.22,62.30,0.00,-0.10
641000,279.17,100,+0.7,2.722,34.5865,31.6867,29,265.20,61.90,0.00,-0.00
642000,279.17,100,+0.7,2.722,34.5865,31.6867,29,265.19,61.70,0.00,0.10
643000,279.17,100,+0.7,2.722,34.5865,31.6867,29,265.16,61.70,0.00,0.20
644000,279.17,100,+0.7,2.722,34.5865,31.6867,29,265.14,61.90,0.00,0.10
645000,279.17,100,+0.7,2.722,34.5865,31.6867,29,265.14,62.00,0.00,-0.00
646000,285.28,100,+0.7,2.722,34.5865,31.6867,29,265.15,62.10,0.00,-0.00
647000,291.53,100,+0.7,2.722,34.5865,31.6867,29,265.13,62.10,0.00,-0.00
648000,291.53,100,+0.7,2.722,34.5865,31.6867,29,265.10,62.10,0.00,-0.00
649000,291.53,100,+0.7,2.722,34.5865,31.6867,29,265.08,62.10,1.04,-0.00
650000,291.53,100,+0.7,2.722,34.5865,31.6867,29,264.87,62.10,3.86,-0.00
651000,291.53,100,+0.7,2.722,34.5865,31.6866,29,264.51,62.40,5.79,-0.00
652000,297.91,100,+0.7,2.722,34.5865,31.6866,29,264.19,62.40,7.19,-0.00
653000,297.91,100,+0.7,2.722,34.5864,31.6865,29,263.97,62.30,6.56,0.10
654000,297.91,100,+0.7,2.722,34.5864,31.6865,29,264.01,62.30,2.62,0.10
655000,297.91,100,+0.7,2.722,34.5864,31.6865,29,264.11,62.90,0.20,-0.10
656000,301.16,100,+0.7,2.722,34.5864,31.6865,29,264.16,62.70,0.00,-0.40
657000,307.75,100,+0.7,2.722,34.5864,31.6865,29,264.13,62.60,0.10,-0.20
658000,307.75,100,+0.7,2.722,34.5864,31.6864,29,264.16,61.70,2.88,-0.10
659000,307.75,100,+0.7,2.722,34.5864,31.6864,29,264.34,61.50,5.13,0.20
660000,301.16,100,+0.7,2.722,34.5864,31.6863,29,264.68,61.80,6.74,0.10
661000,307.75,100,+0.7,2.722,34.5863,31.6863,29,265.28,62.00,7.69,0.10
662000,299.53,100,+0.7,2.722,34.5863,31.6862,29,266.13,62.10,8.36,-0.00
663000,301.16,100,+0.7,2.722,34.5863,31.6861,29,267.31,62.10,8.80,-0.00
664000,304.44,100,+0.7,2.722,34.5862,31.6861,29,268.81,62.00,8.58,0.30
665000,297.91,100,+0.7,2.722,34.5862,31.6860,29,270.19,62.00,4.27,-0.00
666000,335.61,100,+0.7,2.722,34.5862,31.6860,29,270.86,62.60,0.60,-0.00
667000,341.10,100,+0.7,2.722,34.5862,31.6860,29,270.94,63.10,0.10,-0.30
668000,341.10,100,+0.7,2.722,34.5862,31.6860,29,271.00,62.80,0.00,-0.30
669000,341.10,100,+0.7,2.722,34.5862,31.6860,29,271.11,62.10,0.95,-0.10
670000,341.10,100,+0.7,2.722,34.5862,31.6860,29,271.72,61.30,3.55,0.20
671000,341.10,100,+0.7,2.722,34.5862,31.6859,29,272.94,61.20,5.35,0.20
672000,323.12,100,+0.7,2.722,34.5862,31.6859,29,274.06,61.40,2.16,0.20
673000,316.20,100,+0.7,2.722,34.5862,31.6859,29,274.43,62.10,0.20,-0.00
674000,306.09,100,+0.7,2.722,34.5862,31.6859,29,274.53,62.20,0.00,-0.00
675000,306.09,100,+0.7,2.722,34.5862,31.6859,29,274.59,62.20,0.00,-0.00
676000,306.09,100,+0.7,2.722,34.5862,31.6859,29,274.71,62.20,1.84,-0.00
677000,299.53,100,+0.7,2.722,34.5861,31.6859,29,275.01,62.20,4.27,-0.00
678000,274.67,100,+0.7,2.722,34.5861,31.6858,29,275.48,62.20,5.88,-0.00
679000,242.51,100,+0.7,2.722,34.5861,31.6858,29,276.22,62.30,6.88,-0.00
680000,217.61,100,+0.7,2.722,34.5860,31.6857,29,277.27,62.40,7.74,-0.00
681000,208.39,100,+0.7,2.722,34.5860,31.6857,29,278.35,62.30,4.39,-0.00
682000,208.39,100,+0.7,2.722,34.5860,31.6856,29,279.03,62.70,0.71,-0.00
683000,203.92,100,+0.7,2.722,34.5860,31.6856,29,279.28,62.60,1.48,-0.30
684000,203.92,100,+0.7,2.722,34.5860,31.6856,29,279.79,62.20,2.56,-0.00
685000,198.47,100,+0.7,2.722,34.5860,31.6856,29,280.51,62.10,3.41,-0.00
686000,182.99,100,+0.7,2.722,34.5859,31.6856,29,281.41,62.10,3.86,-0.00
687000,182.99,100,+0.7,2.722,34.5859,31.6855,29,281.95,62.50,0.61,-0.00
688000,179.07,100,+0.7,3.000,34.5859,31.6855,29,282.13,62.60,0.10,-0.10
689000,179.07,100,+0.7,2.289,34.5859,31.6855,29,282.17,62.20,0.00,-0.10
690000,201.73,100,+0.7,1.000,34.5859,31.6855,29,282.18,62.10,0.00,0.10
691000,205.03,100,+0.7,1.000,34.5859,31.6855,29,282.22,62.10,0.32,0.10
692000,205.03,100,+0.7,1.000,34.5859,31.6855,29,282.53,62.10,2.11,-0.00
693000,205.03,100,+0.7,1.000,34.5859,31.6855,29,283.44,62.10,4.72,-0.00
694000,203.92,100,+0.7,1.000,34.5859,31.6855,29,284.90,62.30,6.38,-0.00
695000,256.00,100,+0.7,1.000,34.5858,31.6854,29,286.80,62.30,7.32,-0.00
696000,195.28,100,+0.7,1.000,34.5858,31.6854,29,289.00,62.30,7.69,-0.00
697000,194.22,100,+0.7,1.000,34.5857,31.6853,29,291.51,62.40,8.05,-0.00
698000,194.22,100,+0.7,1.000,34.5857,31.6852,29,294.37,62.40,8.32,-0.00
699000,194.22,100,+0.7,1.000,34.5856,31.6852,29,297.51,62.30,8.54,-0.00
700000,194.22,100,+0.7,1.000,34.5856,31.6851,29,300.86,62.30,8.77,-0.00
701000,194.22,100,+0.7,1.000,34.5855,31.6850,29,304.53,62.30,8.90,-0.00
702000,190.06,100,+0.7,1.000,34.5855,31.6850,29,308.50,62.30,8.99,-0.00
703000,190.06,100,+0.7,1.000,34.5854,31.6849,29,312.69,62.30,8.54,0.20
704000,185.99,100,+0.7,1.000,34.5854,31.6848,29,315.87,62.70,4.38,-0.00
705000,185.99,100,+0.7,1.000,34.5854,31.6848,29,317.37,63.20,0.91,-0.20
706000,185.99,100,+0.7,1.000,34.5854,31.6848,29,317.63,63.50,0.14,-0.40
707000,185.99,100,+0.7,1.000,34.5854,31.6848,29,317.77,62.80,0.00,-0.40
708000,185.99,100,+0.7,1.000,34.5854,31.6848,29,317.83,62.00,0.00,-0.00
709000,176.18,100,+0.7,1.000,34.5854,31.6848,29,317.86,61.70,0.00,0.20
710000,199.55,100,+0.7,1.000,34.5854,31.6848,29,317.93,61.60,0.00,0.30
711000,234.75,100,+0.7,1.000,34.5854,31.6848,29,317.98,61.80,0.00,0.20
712000,276.16,100,+0.7,1.000,34.5854,31.6848,29,317.97,61.90,0.00,-0.00
713000,331.99,100,+0.7,1.000,34.5854,31.6848,29,317.92,62.10,0.00,-0.00
714000,396.95,100,+0.7,1.000,34.5854,31.6848,29,317.93,62.30,0.00,-0.00
715000,396.95,100,+0.7,1.000,34.5854,31.6848,28,318.50,62.30,1.89,-0.00
716000,396.95,100,+0.7,1.000,34.5854,31.6848,27,322.05,62.30,4.44,-0.00
717000,405.64,100,+0.7,1.000,34.5854,31.6847,28,327.66,62.40,6.19,-0.00
718000,405.64,100,+0.7,1.000,34.5855,31.6847,27,334.71,62.40,7.44,-0.00
719000,405.64,100,+0.7,1.000,34.5855,31.6846,27,342.77,62.40,8.25,-0.00
720000,405.64,100,+0.7,1.000,34.5856,31.6846,28,351.41,62.50,8.75,-0.00
721000,405.64,100,+0.7,1.000,34.5856,31.6845,28,360.48,62.40,9.19,-0.00
722000,405.64,100,+0.7,1.000,34.5857,31.6844,28,369.92,62.40,9.47,-0.00
723000,405.64,100,+0.7,1.000,34.5857,31.6843,28,379.52,62.40,9.64,-0.00
724000,405.64,100,+0.7,1.000,34.5858,31.6843,28,389.37,62.40,9.69,-0.00
725000,405.64,100,+0.7,1.000,34.5858,31.6842,27,399.27,62.40,9.78,-0.00
726000,396.95,100,+0.7,1.000,34.5859,31.6841,27,409.11,62.30,9.83,-0.00
727000,396.95,100,+0.7,1.000,34.5859,31.6840,27,419.11,62.20,9.91,-0.00
728000,396.95,100,+0.7,1.000,34.5860,31.6840,28,429.11,62.20,9.91,-0.00
729000,396.95,100,+0.7,1.000,34.5860,31.6839,28,439.11,62.20,10.00,-0.00
730000,396.95,100,+0.7,1.000,34.5861,31.6838,29,448.88,62.20,8.52,-0.00
731000,396.95,100,+0.7,1.000,34.5861,31.6838,29,455.16,62.40,4.41,-0.00
732000,396.95,100,+0.7,1.000,34.5862,31.6837,29,457.80,63.00,1.58,-0.20
733000,396.95,100,+0.7,1.000,34.5862,31.6837,29,458.52,63.00,0.14,-0.10
734000,430.54,100,+0.7,1.000,34.5862,31.6837,28,458.54,62.70,0.00,-0.10
735000,430.54,100,+0.7,1.000,34.5862,31.6837,29,458.65,62.20,0.00,-0.00
736000,416.77,100,+0.7,1.000,34.5862,31.6837,29,458.71,62.10,0.00,0.10
737000,388.44,100,+0.7,1.000,34.5862,31.6837,29,458.78,62.00,0.00,-0.00
738000,243.82,100,+0.7,1.000,34.5862,31.6837,29,458.78,62.00,0.00,-0.00
739000,161.56,100,+0.7,1.000,34.5862,31.6837,29,458.75,62.20,0.00,-0.00
740000,144.19,100,+0.7,1.000,34.5862,31.6837,29,458.70,61.90,0.00,-0.00
741000,492.96,100,+0.7,1.000,34.5862,31.6837,29,458.75,61.90,0.10,-0.00
742000,660.40,100,+0.7,1.000,34.5862,31.6837,29,458.81,62.10,0.00,-0.00
743000,615.51,100,+0.7,1.000,34.5862,31.6837,29,458.80,62.10,0.00,-0.00
744000,528.91,100,+0.7,1.000,34.5862,31.6837,29,458.79,62.10,0.00,-0.20
745000,798.21,100,+0.7,1.000,34.5862,31.6837,29,458.79,61.60,0.00,-0.00
746000,1092.75,100,+0.7,1.000,34.5862,31.6837,29,458.77,61.40,0.00,-0.00
747000,1463.91,100,+0.7,1.000,34.5862,31.6837,29,458.76,61.50,0.00,0.10
748000,2070.31,100,+0.7,1.000,34.5862,31.6837,29,458.78,61.80,0.00,-0.00
749000,2571.02,100,+0.7,1.000,34.5862,31.6837,29,458.78,61.90,0.00,-0.00
750000,2571.02,100,+0.7,1.000,34.5862,31.6837,29,459.30,62.00,1.93,-0.10
751000,2571.02,100,+0.7,1.000,34.5861,31.6837,28,461.44,62.10,4.35,-0.10
752000,2571.02,100,+0.7,1.000,34.5861,31.6836,28,465.22,62.10,6.22,-0.00
753000,2571.02,100,+0.7,1.000,34.5861,31.6836,28,469.58,61.90,7.17,-0.00
754000,2571.02,100,+0.7,1.000,34.5861,31.6835,29,472.90,62.20,3.23,-0.00
755000,2571.02,100,+0.7,1.000,34.5861,31.6835,29,474.02,62.10,1.61,-0.00
756000,2515.91,100,+0.7,1.000,34.5861,31.6835,29,476.35,61.70,4.09,-0.10
757000,2515.91,100,+0.7,1.000,34.5861,31.6835,29,480.35,61.60,5.96,-0.00
758000,2515.91,100,+0.7,1.000,34.5862,31.6835,29,485.54,61.70,7.17,-0.00
759000,2462.02,100,+0.7,1.000,34.5863,31.6835,29,491.62,61.60,7.93,-0.00
760000,2880.68,100,+0.7,1.000,34.5864,31.6834,29,498.10,61.40,8.25,0.10
761000,1993.30,100,+0.7,1.000,34.5864,31.6834,29,504.71,61.60,8.56,0.20
762000,324.88,100,+0.7,1.000,34.5865,31.6834,29,511.75,61.90,9.01,-0.00
763000,247.82,100,+0.7,1.000,34.5866,31.6833,27,517.80,61.80,5.37,-0.10
764000,247.82,100,+0.7,1.000,34.5866,31.6833,27,520.45,62.00,2.12,-0.10
765000,247.82,100,+0.7,1.000,34.5867,31.6833,29,522.62,61.70,3.77,-0.10
766000,254.62,100,+0.7,1.000,34.5867,31.6833,29,526.59,61.50,5.65,-0.00
767000,265.89,100,+0.7,1.000,34.5868,31.6833,29,531.97,61.40,7.08,0.10
768000,273.19,100,+0.7,1.000,34.5869,31.6833,29,538.36,61.30,8.06,-0.00
769000,283.74,100,+0.7,1.000,34.5869,31.6832,29,545.40,61.40,8.69,0.10
770000,283.74,100,+0.7,1.000,34.5870,31.6832,29,552.83,61.30,8.25,0.20
771000,283.74,100,+0.7,1.000,34.5871,31.6832,27,557.78,61.70,3.90,0.20
772000,288.39,100,+0.7,1.000,34.5871,31.6832,27,559.74,62.00,0.95,-0.00
773000,288.39,100,+0.7,1.000,34.5871,31.6832,28,559.90,62.00,0.10,-0.00
774000,288.39,100,+0.7,1.000,34.5871,31.6832,29,559.98,62.00,0.00,-0.00
775000,288.39,100,+0.7,1.000,34.5871,31.6832,29,560.04,62.00,0.00,-0.00
776000,288.39,100,+0.7,1.000,34.5871,31.6832,29,560.10,61.90,0.00,-0.00
777000,288.39,100,+0.7,1.000,34.5871,31.6832,29,560.09,61.80,0.00,-0.00
778000,288.39,100,+0.7,1.000,34.5871,31.6832,29,559.72,61.60,1.17,-0.00
779000,288.39,100,+0.7,1.000,34.5871,31.6832,29,558.92,61.60,0.00,-0.00
780000,288.39,100,+0.7,1.000,34.5871,31.6832,29,560.43,61.80,3.05,-0.00
781000,288.39,100,+0.7,1.000,34.5872,31.6831,29,564.30,61.70,5.42,-0.00
782000,288.39,100,+0.7,1.000,34.5872,31.6831,29,569.71,61.70,6.95,-0.00
783000,288.39,100,+0.7,1.000,34.5873,31.6831,29,576.09,61.60,8.02,-0.00
784000,288.39,100,+0.7,1.000,34.5874,31.6831,29,583.26,61.80,8.65,0.10
785000,285.28,100,+0.7,1.000,34.5875,31.6830,29,590.85,61.80,9.10,-0.00
786000,282.21,100,+0.7,1.000,34.5875,31.6830,28,598.24,61.60,6.45,-0.10
787000,277.66,100,+0.7,1.000,34.5876,31.6830,27,601.80,62.00,2.38,-0.00
788000,301.16,100,+0.7,1.000,34.5876,31.6830,27,602.59,61.90,0.20,-0.10
789000,301.16,100,+0.7,1.000,34.5876,31.6830,28,602.61,61.90,0.00,-0.00
790000,294.70,100,+0.7,1.000,34.5876,31.6830,29,602.67,61.70,0.00,-0.00
791000,271.71,100,+0.7,1.000,34.5876,31.6830,29,602.65,61.60,0.00,-0.00
792000,246.48,100,+0.7,1.000,34.5876,31.6830,29,602.77,61.50,0.00,-0.00
793000,241.20,100,+0.7,1.000,34.5876,31.6830,29,602.80,61.50,0.00,-0.00
794000,241.20,100,+0.7,1.000,34.5876,31.6830,29,602.82,61.60,0.00,-0.00
795000,238.60,100,+0.7,1.000,34.5876,31.6830,29,602.84,61.60,0.00,-0.00
796000,247.82,100,+0.7,1.000,34.5876,31.6830,28,602.85,61.60,0.00,-0.00
797000,247.82,100,+0.7,1.000,34.5876,31.6830,27,602.53,61.70,1.41,-0.00
798000,271.71,100,+0.7,1.000,34.5876,31.6830,28,600.63,61.60,0.70,-0.00
799000,297.91,100,+0.7,1.000,34.5876,31.6830,29,600.48,61.90,0.10,-0.00
800000,317.92,100,+0.7,1.000,34.5876,31.6830,29,600.47,61.90,0.00,-0.10
801000,317.92,100,+0.7,1.000,34.5876,31.6830,28,600.50,61.80,0.00,-0.00
802000,317.92,100,+0.7,1.000,34.5876,31.6830,27,600.35,61.40,1.10,-0.00
803000,317.92,100,+0.7,1.000,34.5876,31.6830,28,598.47,61.50,3.65,0.20
804000,317.92,100,+0.7,1.000,34.5875,31.6830,27,594.91,61.80,5.57,-0.00
805000,317.92,100,+0.7,1.000,34.5874,31.6830,27,590.30,61.80,7.00,-0.00
806000,311.10,100,+0.7,1.000,34.5874,31.6830,28,584.77,61.70,8.02,-0.00
807000,302.79,100,+0.7,1.000,34.5873,31.6831,27,578.69,61.80,8.65,0.10
808000,288.39,100,+0.7,1.000,34.5872,31.6831,26,572.39,62.00,9.04,-0.00
809000,271.71,100,+0.7,1.000,34.5871,31.6831,26,566.06,62.10,9.24,-0.10
810000,261.61,100,+0.7,1.000,34.5870,31.6831,26,559.62,61.90,9.55,-0.10
811000,254.62,100,+0.7,1.000,34.5869,31.6831,26,553.06,61.80,9.65,-0.10
812000,249.16,100,+0.7,1.000,34.5868,31.6831,26,546.70,61.70,9.65,-0.10
813000,249.16,100,+0.7,1.000,34.5867,31.6831,26,540.26,61.40,9.85,-0.00
814000,253.24,100,+0.7,1.000,34.5866,31.6832,26,533.94,61.20,9.93,-0.00
815000,260.19,100,+0.7,1.000,34.5865,31.6832,26,527.76,61.50,9.82,0.10
816000,265.89,100,+0.7,1.000,34.5864,31.6832,26,521.75,61.80,9.83,-0.10
817000,270.25,100,+0.7,1.000,34.5863,31.6832,26,515.84,61.80,9.75,-0.10
